{
    "level_1.60": {
        "sisdr": -0.4741416871547699,
        "kbps": 0.875962854385376
    },
    "level_2.40": {
        "sisdr": 3.3742282390594482,
        "kbps": 1.202204095840454
    },
    "level_3.20": {
        "sisdr": 4.0410284996032715,
        "kbps": 1.5184686660766602
    },
    "level_4.00": {
        "sisdr": 5.2322916984558105,
        "kbps": 1.8127841987609863
    },
    "level_4.80": {
        "sisdr": 6.206716537475586,
        "kbps": 2.07617166519165
    },
    "level_6.40": {
        "sisdr": 7.640977382659912,
        "kbps": 2.622900104522705
    },
    "level_8.00": {
        "sisdr": 8.619560241699219,
        "kbps": 3.1466819458007813
    },
    "level_9.60": {
        "sisdr": 9.837310791015625,
        "kbps": 3.7083756790161133
    },
    "level_12.00": {
        "sisdr": 11.122270584106445,
        "kbps": 4.504524261474609
    },
    "level_16.00": {
        "sisdr": 12.420736312866211,
        "kbps": 5.628909042358399
    },
    "level_20.00": {
        "sisdr": 12.66170597076416,
        "kbps": 6.293363891601563
    },
    "level_24.00": {
        "sisdr": 12.692363739013672,
        "kbps": 6.643549865722656
    }
}