{
    "nq_1": {
        "sisdr": 1.7913542985916138,
        "kbps": 0.86
    },
    "nq_2": {
        "sisdr": 6.118294715881348,
        "kbps": 1.72
    },
    "nq_3": {
        "sisdr": 8.439348220825195,
        "kbps": 2.58
    },
    "nq_4": {
        "sisdr": 9.789346694946289,
        "kbps": 3.44
    },
    "nq_5": {
        "sisdr": 10.659724235534668,
        "kbps": 4.3
    },
    "nq_6": {
        "sisdr": 11.5320405960083,
        "kbps": 5.16
    },
    "nq_7": {
        "sisdr": 12.319849967956543,
        "kbps": 6.02
    },
    "nq_8": {
        "sisdr": 13.099236488342285,
        "kbps": 6.88
    }
}