{
    "level_1.60": {
        "sisdr": 7.085036754608154,
        "kbps": 0.86
    },
    "level_2.40": {
        "sisdr": 8.181159973144531,
        "kbps": 0.9248491420745849
    },
    "level_3.20": {
        "sisdr": 11.167169570922852,
        "kbps": 1.2301391525268555
    },
    "level_4.00": {
        "sisdr": 12.66207504272461,
        "kbps": 1.5414152641296386
    },
    "level_4.80": {
        "sisdr": 13.222245216369629,
        "kbps": 1.7648955535888673
    },
    "level_6.40": {
        "sisdr": 14.737876892089844,
        "kbps": 2.1110904655456544
    },
    "level_8.00": {
        "sisdr": 15.937833786010742,
        "kbps": 2.5550579528808592
    },
    "level_9.60": {
        "sisdr": 16.615802764892578,
        "kbps": 3.0010208892822265
    },
    "level_12.00": {
        "sisdr": 17.76609230041504,
        "kbps": 3.624570755004883
    },
    "level_16.00": {
        "sisdr": 19.483678817749023,
        "kbps": 4.678120620727539
    },
    "level_20.00": {
        "sisdr": 21.00419807434082,
        "kbps": 5.646867263793945
    },
    "level_24.00": {
        "sisdr": 21.703330993652344,
        "kbps": 6.290371292114258
    }
}