{
    "nq_1": {
        "sisdr": 1.0956385135650635,
        "kbps": 0.86
    },
    "nq_2": {
        "sisdr": 4.582599639892578,
        "kbps": 1.72
    },
    "nq_3": {
        "sisdr": 6.087498664855957,
        "kbps": 2.58
    },
    "nq_4": {
        "sisdr": 7.013782978057861,
        "kbps": 3.44
    },
    "nq_5": {
        "sisdr": 7.624025821685791,
        "kbps": 4.3
    },
    "nq_6": {
        "sisdr": 8.06807804107666,
        "kbps": 5.16
    },
    "nq_7": {
        "sisdr": 8.547566413879395,
        "kbps": 6.02
    },
    "nq_8": {
        "sisdr": 8.979927062988281,
        "kbps": 6.88
    }
}