{
    "nq_1": {
        "sisdr": 2.3252320289611816,
        "kbps": 0.86
    },
    "nq_2": {
        "sisdr": 5.002255439758301,
        "kbps": 1.72
    },
    "nq_3": {
        "sisdr": 6.8722052574157715,
        "kbps": 2.58
    },
    "nq_4": {
        "sisdr": 8.314188003540039,
        "kbps": 3.44
    },
    "nq_5": {
        "sisdr": 9.509145736694336,
        "kbps": 4.3
    },
    "nq_6": {
        "sisdr": 10.605639457702637,
        "kbps": 5.16
    },
    "nq_7": {
        "sisdr": 11.243967056274414,
        "kbps": 6.02
    },
    "nq_8": {
        "sisdr": 12.007951736450195,
        "kbps": 6.88
    }
}