{
    "nq_1": {
        "sisdr": 7.585737705230713,
        "kbps": 0.86
    },
    "nq_2": {
        "sisdr": 12.495278358459473,
        "kbps": 1.72
    },
    "nq_3": {
        "sisdr": 14.7960844039917,
        "kbps": 2.58
    },
    "nq_4": {
        "sisdr": 16.523836135864258,
        "kbps": 3.44
    },
    "nq_5": {
        "sisdr": 17.866147994995117,
        "kbps": 4.3
    },
    "nq_6": {
        "sisdr": 18.84046745300293,
        "kbps": 5.16
    },
    "nq_7": {
        "sisdr": 20.184497833251953,
        "kbps": 6.02
    },
    "nq_8": {
        "sisdr": 21.56216049194336,
        "kbps": 6.88
    }
}