{
    "nq_1": {
        "sisdr": 1.6794955730438232,
        "kbps": 0.86
    },
    "nq_2": {
        "sisdr": 5.405155181884766,
        "kbps": 1.72
    },
    "nq_3": {
        "sisdr": 7.361182689666748,
        "kbps": 2.58
    },
    "nq_4": {
        "sisdr": 8.747713088989258,
        "kbps": 3.44
    },
    "nq_5": {
        "sisdr": 10.085592269897461,
        "kbps": 4.3
    },
    "nq_6": {
        "sisdr": 11.105131149291992,
        "kbps": 5.16
    },
    "nq_7": {
        "sisdr": 12.049952507019043,
        "kbps": 6.02
    },
    "nq_8": {
        "sisdr": 13.033815383911133,
        "kbps": 6.88
    }
}