{
    "nq_1": {
        "sisdr": 3.3489646911621094,
        "kbps": 0.86
    },
    "nq_2": {
        "sisdr": 5.596294403076172,
        "kbps": 1.72
    },
    "nq_3": {
        "sisdr": 6.796422004699707,
        "kbps": 2.58
    },
    "nq_4": {
        "sisdr": 7.4452972412109375,
        "kbps": 3.44
    },
    "nq_5": {
        "sisdr": 7.813868045806885,
        "kbps": 4.3
    },
    "nq_6": {
        "sisdr": 8.064269065856934,
        "kbps": 5.16
    },
    "nq_7": {
        "sisdr": 8.442174911499023,
        "kbps": 6.02
    },
    "nq_8": {
        "sisdr": 8.684645652770996,
        "kbps": 6.88
    }
}