{
    "nq_1": {
        "sisdr": 0.40282416343688965,
        "kbps": 0.86
    },
    "nq_2": {
        "sisdr": 3.6635758876800537,
        "kbps": 1.72
    },
    "nq_3": {
        "sisdr": 6.079196929931641,
        "kbps": 2.58
    },
    "nq_4": {
        "sisdr": 8.081846237182617,
        "kbps": 3.44
    },
    "nq_5": {
        "sisdr": 9.361845970153809,
        "kbps": 4.3
    },
    "nq_6": {
        "sisdr": 10.514251708984375,
        "kbps": 5.16
    },
    "nq_7": {
        "sisdr": 11.398726463317871,
        "kbps": 6.02
    },
    "nq_8": {
        "sisdr": 12.10015869140625,
        "kbps": 6.88
    }
}