{
    "nq_1": {
        "sisdr": -7.138906478881836,
        "kbps": 0.86
    },
    "nq_2": {
        "sisdr": -3.424995183944702,
        "kbps": 1.72
    },
    "nq_3": {
        "sisdr": -1.06635582447052,
        "kbps": 2.58
    },
    "nq_4": {
        "sisdr": 0.6155190467834473,
        "kbps": 3.44
    },
    "nq_5": {
        "sisdr": 1.725663423538208,
        "kbps": 4.3
    },
    "nq_6": {
        "sisdr": 2.6532461643218994,
        "kbps": 5.16
    },
    "nq_7": {
        "sisdr": 3.488764524459839,
        "kbps": 6.02
    },
    "nq_8": {
        "sisdr": 4.2622456550598145,
        "kbps": 6.88
    }
}