{
    "level_1.60": {
        "sisdr": -2.1527020931243896,
        "kbps": 0.8629930095672608
    },
    "level_2.40": {
        "sisdr": 1.852632761001587,
        "kbps": 1.1503247985839844
    },
    "level_3.20": {
        "sisdr": 2.6509146690368652,
        "kbps": 1.5174710235595703
    },
    "level_4.00": {
        "sisdr": 4.251712799072266,
        "kbps": 1.8237585945129395
    },
    "level_4.80": {
        "sisdr": 5.428070545196533,
        "kbps": 2.013317726135254
    },
    "level_6.40": {
        "sisdr": 6.969753265380859,
        "kbps": 2.5370997314453123
    },
    "level_8.00": {
        "sisdr": 8.24511432647705,
        "kbps": 3.101786392211914
    },
    "level_9.60": {
        "sisdr": 9.088712692260742,
        "kbps": 3.6026216354370115
    },
    "level_12.00": {
        "sisdr": 10.532957077026367,
        "kbps": 4.4197213668823245
    },
    "level_16.00": {
        "sisdr": 12.21757698059082,
        "kbps": 5.596983825683593
    },
    "level_20.00": {
        "sisdr": 12.698440551757812,
        "kbps": 6.377169143676758
    },
    "level_24.00": {
        "sisdr": 12.743185997009277,
        "kbps": 6.7632715606689455
    }
}