{
    "level_1.60": {
        "sisdr": -10.419124603271484,
        "kbps": 0.8799535884857178
    },
    "level_2.40": {
        "sisdr": -5.891618251800537,
        "kbps": 1.138352596282959
    },
    "level_3.20": {
        "sisdr": -4.060812473297119,
        "kbps": 1.5723433303833008
    },
    "level_4.00": {
        "sisdr": -1.524972915649414,
        "kbps": 1.8367284393310548
    },
    "level_4.80": {
        "sisdr": 0.06644268333911896,
        "kbps": 2.018306266784668
    },
    "level_6.40": {
        "sisdr": 2.4296414852142334,
        "kbps": 2.6089326171875
    },
    "level_8.00": {
        "sisdr": 4.396480560302734,
        "kbps": 3.153665771484375
    },
    "level_9.60": {
        "sisdr": 5.84210205078125,
        "kbps": 3.6734568786621096
    },
    "level_12.00": {
        "sisdr": 8.19028091430664,
        "kbps": 4.482575141906739
    },
    "level_16.00": {
        "sisdr": 9.703640937805176,
        "kbps": 5.642876693725586
    },
    "level_20.00": {
        "sisdr": 9.881418228149414,
        "kbps": 6.4210673828125
    },
    "level_24.00": {
        "sisdr": 9.917689323425293,
        "kbps": 6.76825944519043
    }
}