{
    "nq_1": {
        "sisdr": 1.5004414319992065,
        "kbps": 0.86
    },
    "nq_2": {
        "sisdr": 5.449624061584473,
        "kbps": 1.72
    },
    "nq_3": {
        "sisdr": 6.661660671234131,
        "kbps": 2.58
    },
    "nq_4": {
        "sisdr": 7.544200420379639,
        "kbps": 3.44
    },
    "nq_5": {
        "sisdr": 8.020737648010254,
        "kbps": 4.3
    },
    "nq_6": {
        "sisdr": 8.493853569030762,
        "kbps": 5.16
    },
    "nq_7": {
        "sisdr": 9.003825187683105,
        "kbps": 6.02
    },
    "nq_8": {
        "sisdr": 9.362823486328125,
        "kbps": 6.88
    }
}