{
    "level_1.60": {
        "sisdr": 3.7686607837677,
        "kbps": 0.8679813861846923
    },
    "level_2.40": {
        "sisdr": 4.410595417022705,
        "kbps": 0.9368213443756104
    },
    "level_3.20": {
        "sisdr": 5.625154972076416,
        "kbps": 1.1642922859191895
    },
    "level_4.00": {
        "sisdr": 5.939937114715576,
        "kbps": 1.5663573112487792
    },
    "level_4.80": {
        "sisdr": 6.392698287963867,
        "kbps": 1.7708815727233886
    },
    "level_6.40": {
        "sisdr": 6.847835540771484,
        "kbps": 2.0622041778564455
    },
    "level_8.00": {
        "sisdr": 7.230058670043945,
        "kbps": 2.563039421081543
    },
    "level_9.60": {
        "sisdr": 7.712924957275391,
        "kbps": 2.9511367950439453
    },
    "level_12.00": {
        "sisdr": 8.056876182556152,
        "kbps": 3.5936425247192383
    },
    "level_16.00": {
        "sisdr": 8.445273399353027,
        "kbps": 4.5963106536865235
    },
    "level_20.00": {
        "sisdr": 8.603875160217285,
        "kbps": 5.492227096557617
    },
    "level_24.00": {
        "sisdr": 8.634021759033203,
        "kbps": 6.197586929321289
    }
}