{
    "level_1.60": {
        "sisdr": -7.372140884399414,
        "kbps": 0.907888563156128
    },
    "level_2.40": {
        "sisdr": -3.8305652141571045,
        "kbps": 1.5703480453491212
    },
    "level_3.20": {
        "sisdr": -3.4767544269561768,
        "kbps": 1.7559164428710938
    },
    "level_4.00": {
        "sisdr": -2.0039849281311035,
        "kbps": 2.1729465980529783
    },
    "level_4.80": {
        "sisdr": -1.2218798398971558,
        "kbps": 2.478236526489258
    },
    "level_6.40": {
        "sisdr": 0.21609710156917572,
        "kbps": 3.204547508239746
    },
    "level_8.00": {
        "sisdr": 1.332932472229004,
        "kbps": 3.859025276184082
    },
    "level_9.60": {
        "sisdr": 2.271900177001953,
        "kbps": 4.541438346862793
    },
    "level_12.00": {
        "sisdr": 3.5436410903930664,
        "kbps": 5.5470997314453125
    },
    "level_16.00": {
        "sisdr": 4.4733500480651855,
        "kbps": 6.5966590270996095
    },
    "level_20.00": {
        "sisdr": 4.5180253982543945,
        "kbps": 6.819141510009765
    },
    "level_24.00": {
        "sisdr": 4.529260158538818,
        "kbps": 6.8780047149658206
    }
}