{
    "level_1.60": {
        "sisdr": -0.4945562481880188,
        "kbps": 0.8799535884857178
    },
    "level_2.40": {
        "sisdr": 2.73565411567688,
        "kbps": 1.203201820373535
    },
    "level_3.20": {
        "sisdr": 3.7737112045288086,
        "kbps": 1.485545150756836
    },
    "level_4.00": {
        "sisdr": 5.15718936920166,
        "kbps": 1.7309743957519532
    },
    "level_4.80": {
        "sisdr": 5.941315174102783,
        "kbps": 2.0622041778564455
    },
    "level_6.40": {
        "sisdr": 7.27247953414917,
        "kbps": 2.5790021934509277
    },
    "level_8.00": {
        "sisdr": 8.429326057434082,
        "kbps": 3.0469140853881838
    },
    "level_9.60": {
        "sisdr": 9.745043754577637,
        "kbps": 3.6505104446411134
    },
    "level_12.00": {
        "sisdr": 11.179227828979492,
        "kbps": 4.380811996459961
    },
    "level_16.00": {
        "sisdr": 12.525630950927734,
        "kbps": 5.498213279724121
    },
    "level_20.00": {
        "sisdr": 12.663122177124023,
        "kbps": 6.132737869262695
    },
    "level_24.00": {
        "sisdr": 12.70219898223877,
        "kbps": 6.493897583007812
    }
}