{
    "level_1.60": {
        "sisdr": 0.7118971347808838,
        "kbps": 0.8669837436676026
    },
    "level_2.40": {
        "sisdr": 4.79224157333374,
        "kbps": 1.4137122650146485
    },
    "level_3.20": {
        "sisdr": 5.35444450378418,
        "kbps": 1.6900695762634277
    },
    "level_4.00": {
        "sisdr": 6.413094520568848,
        "kbps": 1.9115544166564942
    },
    "level_4.80": {
        "sisdr": 7.514988899230957,
        "kbps": 2.28069592666626
    },
    "level_6.40": {
        "sisdr": 8.705717086791992,
        "kbps": 2.895266845703125
    },
    "level_8.00": {
        "sisdr": 9.689165115356445,
        "kbps": 3.4749188003540037
    },
    "level_9.60": {
        "sisdr": 10.649870872497559,
        "kbps": 4.094477767944336
    },
    "level_12.00": {
        "sisdr": 11.790776252746582,
        "kbps": 4.997378036499024
    },
    "level_16.00": {
        "sisdr": 12.972073554992676,
        "kbps": 6.297354461669922
    },
    "level_20.00": {
        "sisdr": 13.175601959228516,
        "kbps": 6.749303909301758
    },
    "level_24.00": {
        "sisdr": 13.18382740020752,
        "kbps": 6.8540599822998045
    }
}