{
    "level_1.60": {
        "sisdr": -0.792094349861145,
        "kbps": 0.889930341720581
    },
    "level_2.40": {
        "sisdr": 1.9678597450256348,
        "kbps": 1.2451043643951416
    },
    "level_3.20": {
        "sisdr": 3.453266143798828,
        "kbps": 1.5464036407470703
    },
    "level_4.00": {
        "sisdr": 4.796885967254639,
        "kbps": 1.7968212623596191
    },
    "level_4.80": {
        "sisdr": 5.640167236328125,
        "kbps": 2.1180741271972656
    },
    "level_6.40": {
        "sisdr": 7.151451587677002,
        "kbps": 2.675777126312256
    },
    "level_8.00": {
        "sisdr": 8.343745231628418,
        "kbps": 3.165637809753418
    },
    "level_9.60": {
        "sisdr": 9.719324111938477,
        "kbps": 3.7991647567749025
    },
    "level_12.00": {
        "sisdr": 10.824936866760254,
        "kbps": 4.580347717285156
    },
    "level_16.00": {
        "sisdr": 11.820813179016113,
        "kbps": 5.642876693725586
    },
    "level_20.00": {
        "sisdr": 11.98807144165039,
        "kbps": 6.28238949584961
    },
    "level_24.00": {
        "sisdr": 12.00483512878418,
        "kbps": 6.568723724365235
    }
}