{
    "nq_1": {
        "sisdr": 0.4254657030105591,
        "kbps": 0.86
    },
    "nq_2": {
        "sisdr": 5.040169715881348,
        "kbps": 1.72
    },
    "nq_3": {
        "sisdr": 7.787511348724365,
        "kbps": 2.58
    },
    "nq_4": {
        "sisdr": 9.39150619506836,
        "kbps": 3.44
    },
    "nq_5": {
        "sisdr": 10.70284652709961,
        "kbps": 4.3
    },
    "nq_6": {
        "sisdr": 11.793611526489258,
        "kbps": 5.16
    },
    "nq_7": {
        "sisdr": 13.01893424987793,
        "kbps": 6.02
    },
    "nq_8": {
        "sisdr": 14.478669166564941,
        "kbps": 6.88
    }
}