{
    "nq_1": {
        "sisdr": -1.7667244672775269,
        "kbps": 0.86
    },
    "nq_2": {
        "sisdr": 1.9036502838134766,
        "kbps": 1.72
    },
    "nq_3": {
        "sisdr": 3.758479595184326,
        "kbps": 2.58
    },
    "nq_4": {
        "sisdr": 5.178762435913086,
        "kbps": 3.44
    },
    "nq_5": {
        "sisdr": 6.052208423614502,
        "kbps": 4.3
    },
    "nq_6": {
        "sisdr": 6.691152572631836,
        "kbps": 5.16
    },
    "nq_7": {
        "sisdr": 7.363453388214111,
        "kbps": 6.02
    },
    "nq_8": {
        "sisdr": 7.828611373901367,
        "kbps": 6.88
    }
}