{
    "level_1.60": {
        "sisdr": -1.252492070198059,
        "kbps": 0.8649883766174317
    },
    "level_2.40": {
        "sisdr": 2.4019713401794434,
        "kbps": 1.056542875289917
    },
    "level_3.20": {
        "sisdr": 3.580827474594116,
        "kbps": 1.4486310653686523
    },
    "level_4.00": {
        "sisdr": 4.5050249099731445,
        "kbps": 1.7738746643066405
    },
    "level_4.80": {
        "sisdr": 5.580296993255615,
        "kbps": 1.9215313339233397
    },
    "level_6.40": {
        "sisdr": 6.840651512145996,
        "kbps": 2.404408191680908
    },
    "level_8.00": {
        "sisdr": 7.8445892333984375,
        "kbps": 2.939164756774902
    },
    "level_9.60": {
        "sisdr": 8.805418968200684,
        "kbps": 3.402087944030762
    },
    "level_12.00": {
        "sisdr": 10.224170684814453,
        "kbps": 4.151345687866211
    },
    "level_16.00": {
        "sisdr": 11.981498718261719,
        "kbps": 5.337586929321289
    },
    "level_20.00": {
        "sisdr": 12.497062683105469,
        "kbps": 6.223526290893554
    },
    "level_24.00": {
        "sisdr": 12.567495346069336,
        "kbps": 6.756287734985351
    }
}