{
    "nq_1": {
        "sisdr": -1.3149495124816895,
        "kbps": 0.86
    },
    "nq_2": {
        "sisdr": 3.5757040977478027,
        "kbps": 1.72
    },
    "nq_3": {
        "sisdr": 6.23968505859375,
        "kbps": 2.58
    },
    "nq_4": {
        "sisdr": 7.824666500091553,
        "kbps": 3.44
    },
    "nq_5": {
        "sisdr": 9.309854507446289,
        "kbps": 4.3
    },
    "nq_6": {
        "sisdr": 10.498085975646973,
        "kbps": 5.16
    },
    "nq_7": {
        "sisdr": 11.52025318145752,
        "kbps": 6.02
    },
    "nq_8": {
        "sisdr": 12.795182228088379,
        "kbps": 6.88
    }
}