{
    "level_1.60": {
        "sisdr": 0.838269829750061,
        "kbps": 0.8689791107177735
    },
    "level_2.40": {
        "sisdr": 3.719722032546997,
        "kbps": 1.1603015518188478
    },
    "level_3.20": {
        "sisdr": 4.690168380737305,
        "kbps": 1.4326681289672851
    },
    "level_4.00": {
        "sisdr": 5.867743015289307,
        "kbps": 1.6322041778564453
    },
    "level_4.80": {
        "sisdr": 6.592191696166992,
        "kbps": 1.9714152641296387
    },
    "level_6.40": {
        "sisdr": 7.893738746643066,
        "kbps": 2.460278305053711
    },
    "level_8.00": {
        "sisdr": 8.901243209838867,
        "kbps": 2.905243598937988
    },
    "level_9.60": {
        "sisdr": 9.87719440460205,
        "kbps": 3.46993025970459
    },
    "level_12.00": {
        "sisdr": 11.041855812072754,
        "kbps": 4.186264488220215
    },
    "level_16.00": {
        "sisdr": 12.120210647583008,
        "kbps": 5.303665771484375
    },
    "level_20.00": {
        "sisdr": 12.343896865844727,
        "kbps": 5.987076156616211
    },
    "level_24.00": {
        "sisdr": 12.409187316894531,
        "kbps": 6.353225067138672
    }
}