{
    "nq_1": {
        "sisdr": -0.9741348624229431,
        "kbps": 0.86
    },
    "nq_2": {
        "sisdr": 3.8690223693847656,
        "kbps": 1.72
    },
    "nq_3": {
        "sisdr": 6.262304782867432,
        "kbps": 2.58
    },
    "nq_4": {
        "sisdr": 7.822377681732178,
        "kbps": 3.44
    },
    "nq_5": {
        "sisdr": 9.186080932617188,
        "kbps": 4.3
    },
    "nq_6": {
        "sisdr": 10.311652183532715,
        "kbps": 5.16
    },
    "nq_7": {
        "sisdr": 11.243382453918457,
        "kbps": 6.02
    },
    "nq_8": {
        "sisdr": 12.34859561920166,
        "kbps": 6.88
    }
}