{
    "level_1.60": {
        "sisdr": 2.3678345680236816,
        "kbps": 0.8829465980529785
    },
    "level_2.40": {
        "sisdr": 4.744405269622803,
        "kbps": 1.1323665771484375
    },
    "level_3.20": {
        "sisdr": 5.817234039306641,
        "kbps": 1.6272158012390137
    },
    "level_4.00": {
        "sisdr": 6.748694896697998,
        "kbps": 1.8586773948669433
    },
    "level_4.80": {
        "sisdr": 7.750581741333008,
        "kbps": 2.015313175201416
    },
    "level_6.40": {
        "sisdr": 9.465337753295898,
        "kbps": 2.664802730560303
    },
    "level_8.00": {
        "sisdr": 10.666857719421387,
        "kbps": 3.147679588317871
    },
    "level_9.60": {
        "sisdr": 11.683440208435059,
        "kbps": 3.7303247985839842
    },
    "level_12.00": {
        "sisdr": 13.131078720092773,
        "kbps": 4.521484840393066
    },
    "level_16.00": {
        "sisdr": 14.385119438171387,
        "kbps": 5.675800537109375
    },
    "level_20.00": {
        "sisdr": 14.818231582641602,
        "kbps": 6.491902297973633
    },
    "level_24.00": {
        "sisdr": 14.884318351745605,
        "kbps": 6.8430855865478515
    }
}