{
    "level_1.60": {
        "sisdr": -3.1102182865142822,
        "kbps": 0.8699767532348632
    },
    "level_2.40": {
        "sisdr": 0.7953752279281616,
        "kbps": 1.4426448822021485
    },
    "level_3.20": {
        "sisdr": 1.4239739179611206,
        "kbps": 1.7269836616516114
    },
    "level_4.00": {
        "sisdr": 2.492436170578003,
        "kbps": 1.9414848403930665
    },
    "level_4.80": {
        "sisdr": 3.2712042331695557,
        "kbps": 2.312621799468994
    },
    "level_6.40": {
        "sisdr": 4.449276447296143,
        "kbps": 2.9281900329589843
    },
    "level_8.00": {
        "sisdr": 5.434122085571289,
        "kbps": 3.5627146224975585
    },
    "level_9.60": {
        "sisdr": 6.013340473175049,
        "kbps": 4.172296836853027
    },
    "level_12.00": {
        "sisdr": 6.7472100257873535,
        "kbps": 5.111113548278809
    },
    "level_16.00": {
        "sisdr": 7.620573997497559,
        "kbps": 6.393132080078125
    },
    "level_20.00": {
        "sisdr": 7.823578834533691,
        "kbps": 6.842087615966797
    },
    "level_24.00": {
        "sisdr": 7.824489593505859,
        "kbps": 6.88
    }
}