{
    "nq_1": {
        "sisdr": 1.1519830226898193,
        "kbps": 0.86
    },
    "nq_2": {
        "sisdr": 4.842633247375488,
        "kbps": 1.72
    },
    "nq_3": {
        "sisdr": 6.778550624847412,
        "kbps": 2.58
    },
    "nq_4": {
        "sisdr": 8.283804893493652,
        "kbps": 3.44
    },
    "nq_5": {
        "sisdr": 9.507464408874512,
        "kbps": 4.3
    },
    "nq_6": {
        "sisdr": 10.504670143127441,
        "kbps": 5.16
    },
    "nq_7": {
        "sisdr": 11.431327819824219,
        "kbps": 6.02
    },
    "nq_8": {
        "sisdr": 12.446537017822266,
        "kbps": 6.88
    }
}