{
    "level_1.60": {
        "sisdr": 0.030756743624806404,
        "kbps": 0.8619953670501709
    },
    "level_2.40": {
        "sisdr": 2.2225770950317383,
        "kbps": 0.9487934646606445
    },
    "level_3.20": {
        "sisdr": 4.074394226074219,
        "kbps": 1.3209280662536622
    },
    "level_4.00": {
        "sisdr": 4.395124912261963,
        "kbps": 1.557378200531006
    },
    "level_4.80": {
        "sisdr": 5.185070037841797,
        "kbps": 1.6591415100097657
    },
    "level_6.40": {
        "sisdr": 6.423370361328125,
        "kbps": 2.0721809310913084
    },
    "level_8.00": {
        "sisdr": 7.044483184814453,
        "kbps": 2.4712528648376466
    },
    "level_9.60": {
        "sisdr": 7.443106174468994,
        "kbps": 2.855359504699707
    },
    "level_12.00": {
        "sisdr": 7.886868476867676,
        "kbps": 3.453967323303223
    },
    "level_16.00": {
        "sisdr": 8.54569149017334,
        "kbps": 4.406751686096191
    },
    "level_20.00": {
        "sisdr": 8.77519702911377,
        "kbps": 5.229837272644043
    },
    "level_24.00": {
        "sisdr": 8.834716796875,
        "kbps": 5.677795822143555
    }
}