{
    "level_1.60": {
        "sisdr": 1.5086143016815186,
        "kbps": 0.8629930095672608
    },
    "level_2.40": {
        "sisdr": 4.026723861694336,
        "kbps": 1.1483294315338135
    },
    "level_3.20": {
        "sisdr": 5.176414966583252,
        "kbps": 1.4975173530578614
    },
    "level_4.00": {
        "sisdr": 5.417930603027344,
        "kbps": 1.7389558639526368
    },
    "level_4.80": {
        "sisdr": 6.07600736618042,
        "kbps": 1.9813920173645019
    },
    "level_6.40": {
        "sisdr": 6.996850967407227,
        "kbps": 2.443317726135254
    },
    "level_8.00": {
        "sisdr": 7.662144184112549,
        "kbps": 3.0070067443847655
    },
    "level_9.60": {
        "sisdr": 8.15542984008789,
        "kbps": 3.486890838623047
    },
    "level_12.00": {
        "sisdr": 8.738482475280762,
        "kbps": 4.2640832290649415
    },
    "level_16.00": {
        "sisdr": 9.343677520751953,
        "kbps": 5.4802550582885745
    },
    "level_20.00": {
        "sisdr": 9.540281295776367,
        "kbps": 6.25146159362793
    },
    "level_24.00": {
        "sisdr": 9.547192573547363,
        "kbps": 6.6355680694580075
    }
}