{
    "nq_1": {
        "sisdr": 3.3572535514831543,
        "kbps": 0.86
    },
    "nq_2": {
        "sisdr": 6.391669273376465,
        "kbps": 1.72
    },
    "nq_3": {
        "sisdr": 8.437454223632812,
        "kbps": 2.58
    },
    "nq_4": {
        "sisdr": 10.176824569702148,
        "kbps": 3.44
    },
    "nq_5": {
        "sisdr": 11.499995231628418,
        "kbps": 4.3
    },
    "nq_6": {
        "sisdr": 12.520733833312988,
        "kbps": 5.16
    },
    "nq_7": {
        "sisdr": 13.537351608276367,
        "kbps": 6.02
    },
    "nq_8": {
        "sisdr": 14.738908767700195,
        "kbps": 6.88
    }
}