{
    "level_1.60": {
        "sisdr": -1.059766173362732,
        "kbps": 0.8609976425170899
    },
    "level_2.40": {
        "sisdr": 3.0419468879699707,
        "kbps": 1.1154059982299804
    },
    "level_3.20": {
        "sisdr": 4.280786037445068,
        "kbps": 1.4815544166564942
    },
    "level_4.00": {
        "sisdr": 5.403515815734863,
        "kbps": 1.7928305282592774
    },
    "level_4.80": {
        "sisdr": 6.441524028778076,
        "kbps": 1.9764036407470704
    },
    "level_6.40": {
        "sisdr": 7.997380256652832,
        "kbps": 2.476241241455078
    },
    "level_8.00": {
        "sisdr": 9.369772911071777,
        "kbps": 3.0608814086914062
    },
    "level_9.60": {
        "sisdr": 10.407986640930176,
        "kbps": 3.5048490600585938
    },
    "level_12.00": {
        "sisdr": 11.771129608154297,
        "kbps": 4.32793497467041
    },
    "level_16.00": {
        "sisdr": 13.833868026733398,
        "kbps": 5.53213410949707
    },
    "level_20.00": {
        "sisdr": 14.431110382080078,
        "kbps": 6.3183059387207035
    },
    "level_24.00": {
        "sisdr": 14.524991989135742,
        "kbps": 6.745312683105468
    }
}