{
    "level_1.60": {
        "sisdr": 0.7182170152664185,
        "kbps": 0.8959164428710937
    },
    "level_2.40": {
        "sisdr": 3.8436126708984375,
        "kbps": 1.2690486869812012
    },
    "level_3.20": {
        "sisdr": 4.760842323303223,
        "kbps": 1.605266845703125
    },
    "level_4.00": {
        "sisdr": 5.914094924926758,
        "kbps": 1.8407191734313966
    },
    "level_4.80": {
        "sisdr": 6.865891456604004,
        "kbps": 2.161972038269043
    },
    "level_6.40": {
        "sisdr": 8.303479194641113,
        "kbps": 2.729651954650879
    },
    "level_8.00": {
        "sisdr": 9.335461616516113,
        "kbps": 3.256426887512207
    },
    "level_9.60": {
        "sisdr": 10.534717559814453,
        "kbps": 3.8779814682006837
    },
    "level_12.00": {
        "sisdr": 11.987255096435547,
        "kbps": 4.685104118347168
    },
    "level_16.00": {
        "sisdr": 12.999217987060547,
        "kbps": 5.8124824829101565
    },
    "level_20.00": {
        "sisdr": 13.187708854675293,
        "kbps": 6.426055267333984
    },
    "level_24.00": {
        "sisdr": 13.224688529968262,
        "kbps": 6.704408355712891
    }
}