{
    "nq_1": {
        "sisdr": -10.505775451660156,
        "kbps": 0.86
    },
    "nq_2": {
        "sisdr": -4.150110721588135,
        "kbps": 1.72
    },
    "nq_3": {
        "sisdr": -0.20048005878925323,
        "kbps": 2.58
    },
    "nq_4": {
        "sisdr": 2.836700916290283,
        "kbps": 3.44
    },
    "nq_5": {
        "sisdr": 4.965330123901367,
        "kbps": 4.3
    },
    "nq_6": {
        "sisdr": 6.513962745666504,
        "kbps": 5.16
    },
    "nq_7": {
        "sisdr": 8.185532569885254,
        "kbps": 6.02
    },
    "nq_8": {
        "sisdr": 9.781903266906738,
        "kbps": 6.88
    }
}