{
    "nq_1": {
        "sisdr": 0.9115833640098572,
        "kbps": 0.86
    },
    "nq_2": {
        "sisdr": 4.388586044311523,
        "kbps": 1.72
    },
    "nq_3": {
        "sisdr": 5.964242935180664,
        "kbps": 2.58
    },
    "nq_4": {
        "sisdr": 7.649167060852051,
        "kbps": 3.44
    },
    "nq_5": {
        "sisdr": 9.230820655822754,
        "kbps": 4.3
    },
    "nq_6": {
        "sisdr": 10.667730331420898,
        "kbps": 5.16
    },
    "nq_7": {
        "sisdr": 11.758676528930664,
        "kbps": 6.02
    },
    "nq_8": {
        "sisdr": 12.782841682434082,
        "kbps": 6.88
    }
}